EpochTime,181.feed_4954.particle_concentration,181.feed_4954.particle_concentration2,181.feed_4954.particle_count,181.feed_4954.particle_count2,181.feed_4954.raw_particles,181.feed_4954.raw_particles2,181.feed_4954.temperature
1435677805,8,0.2,197,6,232,12,0
1435677865,19.5,1,480,27,209,6,0
1435677925,21.8,1.1,536,28,166,13,0
1435677985,23.3,1.6,573,41,145,4,0
1435678045,22.1,1.5,543,38,147,8,0
1435678105,23.7,2.7,582,69,196,19,0
1435678165,26.3,2.9,645,73,181,8,0
1435678225,26,3.3,639,81,154,3,0
1435678285,25,3.4,615,85,169,17,0
1435678345,24.2,3.8,594,95,126,3,0
1435678405,23.3,3.9,572,97,149,8,0
1435678465,22.9,3.8,562,94,158,0,0
1435678525,23,3.3,566,82,129,0,0
1435678585,23.1,2.9,567,72,186,4,0
1435678645,22.6,2.9,557,71,121,3,0
1435678705,21.2,2.6,520,66,149,1,0
1435678765,21.7,2.4,533,60,156,8,0
1435678825,21.6,2.4,532,61,142,0,0
1435678885,22.4,2.2,551,55,171,2,0
1435678945,23.9,2.2,587,55,184,9,0
1435679005,25.6,2.4,629,60,224,7,0
1435679065,28.9,2.2,711,55,221,0,0
1435679125,28.5,1.7,700,43,241,0,0
1435679185,30.7,1.6,755,40,255,4,0
1435679245,34.9,1.2,857,32,319,1,0
1435679305,41.9,1.1,1029,29,569,23,0
1435679365,61.2,5,1501,123,1056,67,0.3
1435679425,68.5,7.8,1680,192,595,59,0
1435679485,70.9,10.3,1738,253,1403,113,0
1435679545,83.9,17.3,2058,426,979,111,0
1435679605,87.9,19.8,2157,486,1583,164,0
1435679665,109.1,23.9,2675,588,1303,87,0.6
1435679725,112.7,23.5,2765,577,1696,108,0
1435679785,117,24.3,2868,598,1101,35,0.3
1435679845,121.8,23.8,2986,584,1581,63,0
1435679905,121.3,20.5,2975,505,1041,4,0
1435679965,112.9,18.3,2770,451,1071,47,0
1435680025,101.5,17.5,2490,429,897,14,0
1435680085,96.7,15,2371,369,880,9,0
1435680145,97.1,12.9,2382,318,962,1,0
1435680205,89.8,10.9,2202,270,700,0,0
1435680265,89.1,9.7,2185,239,879,11,0
1435680325,89.6,8.9,2197,220,853,4,0
1435680385,90.7,8.6,2224,213,927,18,0
1435680445,82.7,7.7,2028,190,446,1,0
1435680505,59.3,6.7,1455,167,187,0,0
1435680565,43.5,5.8,1068,143,193,0,0
1435680625,35.5,5.1,871,125,184,0,0
1435680685,30.6,4.6,751,113,159,0,0
1435680745,27,4.1,663,101,167,0,0
1435680805,25.4,3.7,623,92,157,2,0
1435680865,24,3.3,590,83,161,0,0
1435680925,24.9,2.8,612,71,204,0,0
1435680985,24.1,2.3,593,59,144,0,0
1435681045,22.8,1.8,560,47,169,0,0
1435681105,23.4,1.4,576,35,153,0,0
1435681165,22.4,0.9,552,23,140,0,0
1435681225,22.3,0.4,547,11,173,0,0
1435681285,22.6,0,555,1,138,0,0
1435681345,22,0,541,0,159,0,0
1435681405,21.6,0,531,0,132,0,0
1435681465,22.4,0,551,0,172,0,0
1435681525,22,0,540,0,140,0,0
1435681585,22.2,0,546,0,135,0,0
1435681645,21.1,0,519,0,117,0,0
1435681705,20.4,0,503,0,123,0,0
1435681765,20.7,0,509,0,157,0,0
1435681825,21.4,0,527,0,142,0,0
1435681885,21.8,0,535,0,180,0,0
1435681945,22.8,0,561,0,123,0,0
1435682005,21.3,0,524,0,120,0,0
1435682065,21.1,0.1,518,3,149,5,0
1435682125,20.7,0.1,509,3,133,0,0
1435682185,21.3,0,524,2,139,3,0
1435682245,21.4,0.2,526,7,159,8,0
1435682305,21.4,0.2,527,7,144,4,0
1435682365,21.9,0.1,538,5,148,2,0
1435682425,22,0.2,540,6,144,7,0
1435682485,23.4,0.4,574,12,221,4,0
1435682545,25.5,0.8,627,22,189,13,0
1435682605,25.8,1.3,633,33,174,5,0
1435682665,23,0.8,566,22,115,0,0
1435682725,21.1,0.4,518,12,145,1,0
1435682785,21.9,0.3,539,9,182,5,0
1435682845,23,0.7,566,18,151,7,0
1435682905,22.4,0.9,552,23,144,10,0
1435682965,21.6,0.8,531,20,121,0,0
1435683025,21.1,0.4,520,10,133,0,0
1435683085,23,0.2,565,8,216,4,0
1435683145,31.3,0.8,769,22,646,27,0
1435683205,53.2,2.5,1304,63,1048,21,0
1435683265,74.4,5.8,1825,144,958,63,0
1435683325,76.2,8.7,1868,216,844,61,0.3
1435683385,69.9,8.9,1714,220,686,19,0
1435683445,61.1,8.2,1499,203,399,17,0
1435683505,57.6,8.1,1414,200,477,29,0
1435683565,64.9,9.4,1591,232,628,35,0
1435683625,70,10.2,1717,252,601,56,0
1435683685,70.2,10.7,1722,264,565,29,0
1435683745,68.1,11,1670,271,533,43,0
1435683805,65.5,10.6,1608,261,477,12,0
1435683865,71,13.2,1742,325,734,114,0
1435683925,74.7,15.5,1831,381,595,88,0.3
1435683985,70.8,15.9,1737,391,504,52,0.3
1435684045,62.9,15,1543,370,438,51,0.3
1435684105,58.8,14.7,1442,362,440,30,0
1435684165,57.6,13.7,1413,337,462,31,0
1435684225,54.9,12.4,1347,305,415,22,0.3
1435684285,51.9,11.2,1273,277,362,5,0
1435684345,47.1,9.8,1157,243,353,8,0
1435684405,44.4,8.8,1090,217,319,10,0
1435684465,42.6,8,1045,197,340,20,0
1435684525,41.8,7.9,1026,194,326,4,0
1435684585,42.1,7.4,1033,183,386,10,0
1435684645,49.9,6.9,1223,170,695,5,0
1435684705,63.2,9.2,1550,228,920,78,0.3
1435684765,69.7,12.1,1710,297,1241,71,0.3
1435684825,71,12.3,1742,303,734,77,0
1435684885,95.8,22.4,2350,550,2380,328,0.7
1435684945,137.5,29.1,3372,716,2026,278,0.3
1435685005,178.8,36.5,4384,897,2659,512,1.1
1435685065,225,58.1,5517,1425,2969,978,1.8
1435685125,272.9,95.5,6689,2343,3387,1347,2.2
1435685185,315.3,119.7,7730,2935,3304,1190,2.2
1435685245,347.7,125.3,8524,3072,3204,1009,3.3
1435685305,361,115.2,8850,2825,2995,751,1.1
1435685365,354.1,99.3,8680,2436,2895,653,2.6
1435685425,341,79,8360,1937,2573,377,0
1435685485,315.2,59.3,7727,1455,2307,245,0.7
1435685545,300.5,46.9,7366,1150,2389,244,0.3
1435685605,287.3,37.2,7044,915,2191,174,0
1435685665,264.8,30.7,6492,754,1909,96,0
1435685725,245.9,25.6,6028,628,1894,97,0
1435685785,239.1,22.9,5861,563,1858,82,0.3
1435685845,226.9,20.4,5564,501,1739,61,0
1435685905,212.4,18,5209,444,1618,52,0
1435685965,209.7,17.2,5143,424,1668,74,0
1435686025,200,15.8,4904,388,1558,35,0
1435686085,191.4,13.9,4692,341,1503,43,0.3
1435686145,183.5,13,4500,319,1487,30,0
1435686205,181.6,11.8,4453,291,1464,41,0
1435686265,172,11.1,4218,273,1272,11,0
1435686325,163.1,10.1,4000,249,1299,19,0
1435686385,155,9.1,3801,225,1211,20,0
1435686445,151.9,8.2,3724,202,1158,5,0
1435686505,148.9,7.4,3650,183,1254,7,0
1435686565,148.1,6.7,3631,165,1205,9,0
1435686625,145,6.4,3554,157,1155,17,0
1435686685,139.5,6.2,3420,153,1074,1,0
1435686745,133.3,5.4,3269,135,1038,5,0
1435686805,130.1,5.2,3191,129,1021,4,0
1435686865,127.9,5.2,3137,129,1038,13,0
1435686925,125.1,5,3067,124,966,0,0
1435686985,122.4,4.6,3001,113,1024,2,0
1435687045,120,4.2,2942,104,959,0,0
1435687105,126.3,4,3096,99,1129,5,0
1435687165,126.6,3.8,3104,95,1255,17,0
1435687225,139,5.3,3409,132,1307,16,0
1435687285,145.5,6.9,3567,171,1632,54,0.3
1435687345,143.2,7.4,3512,184,1099,9,0
1435687405,134,6.8,3287,169,1115,6,0
1435687465,130.7,6.1,3206,152,999,3,0
1435687525,121.4,5.5,2977,136,900,2,0
1435687585,114.7,5,2812,124,907,1,0
1435687645,111.2,4.6,2726,115,823,3,0
1435687705,105.5,4.3,2586,107,858,0,0
1435687765,102.9,4,2524,99,864,6,0
1435687825,103,3.9,2527,96,798,0,0
1435687885,99.9,3.6,2450,89,910,7,0
1435687945,104,3.5,2549,87,865,0,0
1435688005,108.5,3,2661,76,1023,0,0
1435688065,109.9,3.3,2696,82,1141,52,0
1435688125,113.5,5.1,2783,126,962,2,0
1435688185,110.9,4.8,2721,118,971,3,0
1435688245,102.5,4.4,2514,110,767,0,0
1435688305,103,4.2,2526,106,992,11,0
1435688365,100.2,4.8,2457,119,768,7,0
1435688425,90.8,4.5,2226,111,705,0,0
1435688485,89.4,4,2192,99,678,0,0
1435688545,82.1,3.5,2014,88,601,0,0
1435688605,75.4,3,1848,76,567,0,0
1435688665,76,2.7,1863,67,761,7,0
1435688725,81.8,2.7,2008,68,716,0,0
1435688785,84.1,2.3,2064,59,832,3,0
1435688845,95.5,3.1,2342,77,1189,40,0.7
1435688905,105,4.5,2576,111,1033,2,0
1435688965,108.2,4.1,2655,102,1020,1,0
1435689025,103.5,3.7,2539,93,706,2,0
1435689085,93.7,3.5,2298,86,871,1,0.3
1435689145,86.5,3.1,2122,77,597,1,0
1435689205,86.9,2.8,2131,70,794,1,0
1435689265,86.3,2.4,2116,59,735,0,0
1435689325,81.3,2.3,1993,58,689,11,0
1435689385,91.4,5.1,2242,127,1357,79,0
1435689445,119.2,9.2,2924,226,1684,84,0.3
1435689505,120.5,10.7,2956,264,922,51,0
1435689565,105.6,12,2590,295,874,41,0
1435689625,100.5,12.3,2464,303,1103,39,0
1435689685,110.4,12.6,2707,310,1015,24,0
1435689745,91.8,11.7,2252,288,582,25,0
1435689805,76.4,11.1,1874,274,534,16,0
1435689865,70.8,10,1736,246,504,1,0
1435689925,64.3,8.6,1579,212,543,3,0
1435689985,62.8,7.6,1542,187,589,0,0
1435690045,66.9,8.2,1641,201,676,61,0.3
1435690105,69.6,11.1,1706,274,589,53,0.3
1435690165,69.6,12.2,1708,301,566,28,0
1435690225,64.1,10.9,1572,269,590,14,0
1435690285,66.4,10.6,1629,260,882,47,0.3
1435690345,87.4,12.3,2143,302,1303,60,0
1435690405,103.8,13.6,2547,334,1476,44,0.3
1435690465,109,13.4,2674,331,978,27,0
1435690525,101.3,11.8,2484,290,735,2,0
1435690585,87.2,10.1,2140,249,681,2,0
1435690645,81.3,9.4,1995,232,589,9,0
1435690705,68.2,8.3,1674,206,426,5,0
1435690765,58.9,7.5,1445,185,392,4,0
1435690825,58,6.8,1423,169,592,2,0
1435690885,62.3,6,1527,149,594,2,0
1435690945,70,5.4,1718,133,932,3,0
1435691005,82.1,6.2,2015,154,1201,38,0
1435691065,87,6.9,2133,170,639,3,0
1435691125,75.9,6,1861,149,530,7,0
1435691185,73.5,6.2,1802,153,974,22,0
1435691245,73.5,6.2,1802,154,558,0,0
1435691305,68.2,5.4,1674,134,485,3,0
1435691365,60.4,4.9,1483,123,471,0,0
1435691425,52.9,4.5,1297,111,289,0,0
1435691485,50.5,4,1240,99,468,4,0
1435691545,61.3,4.1,1503,102,815,10,0
1435691605,74.5,4.9,1827,122,995,20,0
1435691665,84.4,5,2069,124,767,0,0
1435691725,71,4.9,1741,121,562,11,0
1435691785,59.7,4.9,1465,122,334,0,0
1435691845,62,4.6,1520,113,694,2,0
1435691905,55.6,4.1,1364,102,368,0,0
1435691965,50.5,3.6,1238,90,383,0,0
1435692025,50.6,3.8,1243,96,654,12,0
1435692085,58.9,3.9,1446,98,942,17,0
1435692145,69.5,4.5,1704,113,1141,18,0
1435692205,89.4,5,2192,124,1199,3,0
1435692265,88.5,4.6,2172,114,645,0,0
1435692325,77.4,4.4,1899,109,497,4,0
1435692385,69.9,4.1,1716,102,657,5,0
1435692445,62.8,3.9,1541,97,344,0,0
1435692505,57.6,3.4,1413,85,481,0,0
1435692565,50.9,2.9,1249,73,370,0,0
1435692625,63,2.9,1546,72,1002,10,0
1435692685,74.8,3.1,1836,78,1144,16,0
1435692745,84.3,4,2067,100,936,17,0
1435692805,88.9,5.3,2180,131,887,19,0
1435692865,75.5,5,1852,124,539,0,0
1435692925,63,4.5,1547,112,463,0,0
1435692985,63.2,4.1,1551,103,756,3,0
1435693045,59.6,3.8,1462,96,332,0,0
1435693105,50,3.6,1227,89,313,2,0
1435693165,48.7,3.1,1196,77,475,0,0
1435693225,47.9,2.6,1176,65,372,0,0
1435693285,56.7,2.1,1392,54,782,12,0
1435693345,63.7,2.8,1564,70,625,0,0
1435693405,75.5,2.9,1852,73,1226,24,0
1435693465,91.4,6.4,2242,158,1142,67,0
1435693525,85.7,6.6,2101,164,708,14,0
1435693585,64,5.7,1571,141,294,0,0
1435693645,53.1,5,1304,124,378,0,0
1435693705,46.2,4.5,1135,113,329,2,0
1435693765,46.2,4.2,1134,106,414,0,0
1435693825,42.6,3.8,1045,94,290,0,0
1435693885,46.7,4.3,1146,107,720,18,0.3
1435693945,58.5,4.5,1434,111,820,12,0
1435694005,83.1,7.5,2037,185,1504,69,0
1435694065,109.5,15.3,2686,377,1619,162,0.3
1435694125,93.1,15.5,2283,380,518,5,0
1435694185,71.6,13.4,1757,329,499,9,0
1435694245,64.6,11.7,1585,289,429,6,0
1435694305,58.3,10.6,1430,262,555,23,0
1435694365,57.6,10,1414,247,515,7,0
1435694425,53.3,8.8,1308,218,366,4,0
1435694485,50.9,8,1248,197,455,8,0
1435694545,54.1,7.8,1327,193,970,48,0
1435694605,64.1,9.2,1572,228,631,21,0
1435694665,54.8,8.9,1344,220,372,16,0
1435694725,48.2,8.7,1184,215,284,16,0.3
1435694785,42.5,8,1043,197,249,5,0
1435694845,36.2,7.4,888,183,219,15,0
1435694905,32.3,7.3,793,180,216,13,0
1435694965,31.5,7.5,772,185,227,18,0
1435695025,31.3,7.3,770,181,241,8,0
1435695085,30.1,6.8,738,168,236,9,0
1435695145,30.7,6.4,753,159,208,5,0
1435695205,30.6,6.1,752,152,264,9,0
1435695265,32.5,5.5,799,135,239,0,0
1435695325,31,5.1,763,127,218,4,0
1435695385,32.5,5.2,799,130,269,14,0
1435695445,33.8,5.3,831,132,277,11,0
1435695505,36.8,5.2,904,130,428,2,0
1435695565,38.8,4.9,954,120,234,3,0
1435695625,40.7,4.9,1000,120,433,6,0
1435695685,41.5,4.8,1018,119,379,6,0
1435695745,43.2,4.7,1061,116,315,2,0
1435695805,38.9,4.3,955,106,237,0,0
1435695865,37.1,4,910,98,341,4,0
1435695925,38.5,3.8,944,96,335,2,0
1435695985,45.2,3.5,1110,88,458,2,0
1435696045,47.2,3.2,1159,79,464,0,0
1435696105,48.8,3.3,1197,83,355,10,0
1435696165,49.3,3.2,1210,80,544,6,0
1435696225,50.5,3,1240,76,319,1,0
1435696285,49,2.9,1202,73,624,7,0
1435696345,53.4,3,1311,74,422,3,0
1435696405,48.8,2.6,1199,66,308,4,0
1435696465,44.6,2.5,1094,62,321,3,0.3
1435696525,45.9,2.6,1127,66,454,14,0
1435696585,50.5,3.1,1239,78,392,5,0
1435696645,47.2,3.1,1158,78,334,7,0
1435696705,51.5,3,1265,74,645,2,0
1435696765,52.5,3.1,1288,76,398,12,0
1435696825,48.6,3.3,1192,81,374,3,0
1435696885,48.8,3.1,1198,79,552,7,0
1435696945,56.1,3.6,1376,90,569,25,0
1435697005,60.6,5.3,1487,130,649,19,0
1435697065,62.9,5.6,1544,138,568,12,0
1435697125,61.9,5.2,1519,130,468,3,0
1435697185,61.9,5.3,1518,132,611,13,0
1435697245,66.3,5.5,1626,137,620,22,0
1435697305,63.9,6.3,1567,155,493,19,0
1435697365,61.2,6.5,1502,160,501,11,0
1435697425,59.4,6.6,1456,164,618,14,0
1435697485,63.8,6.1,1564,151,556,5,0
1435697545,63.5,5.7,1559,141,568,17,0
1435697605,73.4,6,1800,148,867,11,0
1435697665,75.1,6.1,1841,151,755,17,0
1435697725,79.7,5.9,1956,146,891,17,0
1435697785,81.8,6.1,2007,151,550,19,0.4
1435697845,71.1,6.4,1744,159,581,10,0
1435697905,75,5.9,1839,146,743,7,0
1435697965,74.1,5.4,1818,133,585,0,0
1435698025,76.2,5,1869,124,912,3,0
1435698085,87.8,4.7,2153,117,966,3,0
1435698145,90,4.4,2206,108,632,1,0
1435698205,87.9,4,2156,100,835,3,0
1435698265,87.1,4.2,2137,103,817,10,0
1435698325,93.5,4.7,2293,117,868,12,0
1435698385,89.2,4.6,2187,115,777,6,0.4
1435698445,91.6,4.7,2246,116,875,5,0
1435698505,92.9,4.5,2280,112,926,7,0
1435698565,92.1,4.2,2260,105,839,1,0
1435698625,94.9,4,2327,99,844,6,0
1435698685,98.6,4.6,2419,113,1116,17,0
1435698745,104.4,4.8,2560,119,788,5,0
1435698805,103.2,4.8,2531,119,901,2,0
1435698865,88.6,4.7,2174,118,578,6,0
1435698925,81,4.7,1986,116,663,11,0
1435698985,79.9,4.7,1961,117,687,3,0
1435699045,81.9,4.6,2010,115,844,5,0
1435699105,90.3,4.8,2214,120,835,14,0
1435699165,94.4,4.9,2315,121,877,4,0
1435699225,97.8,5,2399,125,1001,9,0
1435699285,105.1,5.5,2577,137,1032,23,0
1435699345,113.5,5.8,2782,143,1040,7,0
1435699405,115.3,5.5,2827,136,1175,10,0
1435699465,117.4,5.2,2879,129,1033,4,0
1435699525,115,4.8,2819,120,1162,2,0
1435699585,116.7,4.7,2862,116,1032,5,0
1435699645,121,5.1,2968,127,1093,21,0
1435699705,123.1,5.4,3019,135,1060,15,0
1435699765,118.1,5.5,2897,137,1095,14,0
1435699825,122.7,5.6,3009,139,1261,12,0
1435699885,133.7,5.3,3279,132,1174,10,0
1435699945,132.7,5.7,3255,142,1126,20,0
1435700005,130.8,5.7,3208,141,1255,11,0
1435700065,133.2,5.4,3266,134,1006,7,0
1435700125,125.9,5.3,3088,131,1228,7,0
1435700185,142,5.3,3481,132,1433,13,0.8
1435700245,136.6,5.4,3350,134,1123,16,0
1435700305,139.1,5.9,3411,145,1342,11,0
1435700365,141.7,5.4,3475,134,1277,4,0
1435700425,141.1,5.3,3460,131,1339,14,0
1435700485,146,6.4,3579,159,1435,29,0
1435700545,144.7,6.7,3548,166,1111,8,0
1435700605,133.9,6.3,3282,157,1149,11,0
1435700665,134.7,7.2,3303,177,1075,22,0
1435700725,126.4,6.4,3100,159,1108,2,0
1435700785,122.9,5.7,3014,141,895,3,0
1435700845,111.3,5.3,2728,130,1115,9,0
1435700905,115.7,5.1,2837,127,1005,3,0
1435700965,113.5,5.1,2784,128,937,11,0.4
1435701025,110.6,5.2,2712,130,882,5,0
1435701085,115.4,5.2,2831,129,1282,8,0
1435701145,124.9,5.1,3062,125,1358,5,0
1435701205,124.7,5.3,3058,132,1224,16,0
1435701265,127.4,5.3,3125,133,1236,4,0
1435701325,133.3,5.4,3268,133,1283,12,0
1435701385,135.4,5.3,3319,130,1219,17,0
1435701445,132,5.5,3237,136,1281,2,0
1435701505,127.2,5.1,3119,127,973,11,0.4
1435701565,127.4,6.5,3124,161,1383,34,0
1435701625,132.7,6.6,3253,163,1240,20,0
1435701685,132.5,7.1,3250,175,1207,19,0
1435701745,139,7.9,3408,195,1436,17,0
1435701805,135.5,7.2,3322,179,1135,4,0
1435701865,137.5,7.8,3371,193,1293,30,0
1435701925,135.4,7.9,3320,196,1204,18,0
1435701985,126.7,7.6,3106,187,1044,0,0
1435702045,125.4,6.7,3074,167,1134,8,0
1435702105,128.5,6.4,3152,158,1141,8,0
1435702165,123.5,6.1,3029,152,1119,6,0
1435702225,128.9,5.6,3160,138,1185,8,0
1435702285,126,5.4,3090,135,982,11,0
1435702345,124.7,5.6,3058,139,1178,14,0
1435702405,121.6,5.1,2982,128,1138,2,0
1435702465,127.4,5,3125,123,1315,6,0
1435702525,132.5,5.2,3249,129,1130,9,0
1435702585,119.8,5,2938,124,881,4,0
1435702645,105,5.3,2575,130,995,36,0.4
1435702705,120,10.6,2943,261,1612,96,0.4
1435702765,132,12.2,3237,301,1413,57,0
1435702825,130.2,14,3193,343,930,53,0
1435702885,113,13.2,2770,325,768,10,0
1435702945,88.6,11.6,2174,285,576,5,0
1435703005,82.5,9.9,2024,245,743,2,0
1435703065,79.5,8.7,1950,214,646,9,0
1435703125,77,8,1888,198,645,9,0
1435703185,73.9,8.5,1812,210,690,30,0
1435703245,84.1,8.3,2063,205,962,12,0
1435703305,94.2,8.4,2311,207,920,25,0.4
1435703365,91.8,8.2,2252,203,589,6,0
1435703425,66.1,7.3,1621,180,186,3,0
1435703485,48.6,7,1193,174,269,14,0
1435703545,41.9,7.3,1027,181,263,26,0
1435703605,37.9,7.4,931,183,236,6,0
1435703665,36,7.3,884,180,289,10,0
1435703725,38,7.1,932,176,294,13,0
1435703785,36.8,7.2,905,179,262,20,0
1435703845,36.2,7.1,890,175,324,14,0
1435703905,56.3,7.3,1382,181,1020,20,0
1435703965,95.5,8.7,2341,215,1298,73,0
1435704025,128.2,11.1,3143,275,1392,67,0
1435704085,148.2,11.4,3633,281,1390,28,0
1435704145,156.4,10.7,3835,264,1279,31,0.4
1435704205,163,11.3,3996,279,1455,47,0
1435704265,165.6,11.1,4060,274,1374,38,0
1435704325,167,11.1,4095,273,1390,37,0
1435704385,164.8,11.5,4040,282,1340,62,0
1435704445,164.5,11.7,4032,289,1409,38,0
1435704505,162,11.5,3971,285,1206,36,0
1435704565,152.5,11.6,3740,285,1161,29,0
1435704625,148.6,10.7,3643,265,1196,32,0
1435704685,148.1,11.4,3630,281,1321,77,0
1435704745,160.9,14.7,3946,362,1515,119,0.8
1435704805,176.1,18.4,4319,452,1652,187,0.8
1435704865,195.4,29.5,4792,723,1887,372,0.8
1435704925,220.6,40.7,5409,999,2143,455,0.8
1435704985,244.5,50.6,5994,1243,2302,517,0.8
1435705045,261.8,60.4,6419,1482,2280,589,1.2
1435705105,269.2,64.1,6600,1573,2327,560,1.2
1435705165,272.6,67.1,6684,1647,2272,566,1.2
1435705225,280.8,71.7,6885,1759,2420,690,2.1
1435705285,288.8,78.7,7079,1932,2539,719,1.3
1435705345,304.4,87.4,7461,2143,2649,831,1.7
1435705405,312.5,91.1,7662,2234,2574,713,1.3
1435705465,303.2,84.6,7432,2076,2348,594,0.4
1435705525,295.3,79,7240,1939,2358,603,1.3
1435705585,286.6,70.8,7026,1737,2278,485,3.4
1435705645,284.4,68.4,6972,1678,2294,549,3.4
1435705705,274.7,62.8,6735,1542,2180,450,1.3
1435705765,270.1,59.1,6622,1450,2212,462,3
1435705825,275.6,59.4,6755,1456,2334,474,2.6
1435705885,279.9,59.2,6862,1453,2380,466,0.4
1435705945,289.4,62.6,7096,1536,2641,667,2.1
1435706005,312.1,75.3,7650,1846,2821,710,2.6
1435706065,317.8,75.4,7791,1850,2525,565,1.3
1435706125,305.4,65.6,7487,1609,2402,359,1.3
1435706185,295.6,52.9,7248,1299,2298,317,2.1
1435706245,279.3,45.5,6847,1117,2137,272,0
1435706305,264.7,40.4,6489,992,2025,237,0
1435706365,248.9,35.3,6103,866,1883,165,0.4
1435706425,234.5,30.4,5749,746,1786,153,0.4
1435706485,225.7,28.4,5533,698,1799,171,0
1435706545,217.8,26.4,5339,650,1690,110,0
1435706605,211.1,23.7,5177,582,1736,99,0
1435706665,196.4,21.7,4815,533,1456,83,0
1435706725,183.7,20.1,4504,494,1381,76,0
1435706785,165,18,4046,444,1119,45,0.4
1435706845,154.3,16.6,3784,409,1254,61,0.4
1435706905,157.8,15.6,3869,383,1398,33,0
1435706965,152,14.3,3726,351,1356,30,0
1435707025,150.5,13.2,3690,325,1239,31,0
1435707085,143.8,12,3527,295,1170,19,0
1435707145,137,10.8,3360,268,1064,24,0
1435707205,135,10.4,3312,257,1303,41,0.4
1435707265,138.1,10.7,3386,263,1154,15,0
1435707325,129.5,9.6,3175,237,1073,19,0.4
1435707385,125.2,9.2,3071,227,1243,29,0
1435707445,123,9.5,3017,234,1111,9,0
1435707505,122.1,8.6,2993,212,1005,10,0
1435707565,104.7,7.9,2567,195,853,11,0
1435707625,107.4,7.8,2635,193,981,17,0
1435707685,113,7.8,2771,193,1085,16,0
1435707745,112.7,7.7,2764,190,1230,13,0
1435707805,112,7.6,2747,187,741,13,0
1435707865,96.3,7.7,2362,189,917,19,0.4
1435707925,98.1,7.2,2407,178,955,3,0
1435707985,99.6,6.8,2442,168,877,7,0
1435708045,95.7,6.7,2348,165,830,23,0
1435708105,78.8,6.4,1933,160,583,7,0
1435708165,77.5,6.3,1902,156,882,16,0
1435708225,80.9,6.3,1985,156,615,8,0.4
1435708285,83.3,6.5,2044,160,1078,15,0
1435708345,89.9,6.3,2205,155,854,21,0
1435708405,97.4,6.5,2388,160,1181,12,0
1435708465,102.2,6.4,2505,160,865,5,0
1435708525,99.7,5.8,2445,145,833,10,0
1435708585,90.4,5.7,2218,141,825,16,0
1435708645,86.5,5.7,2122,142,882,4,0
1435708705,92.6,5.2,2271,130,833,6,0
1435708765,89.6,5.2,2197,128,802,6,0
1435708825,81.1,5.2,1989,128,772,8,0
1435708885,80.9,4.9,1984,122,713,0,0
1435708945,82,4.5,2012,113,789,1,0
1435709005,85.2,4.3,2090,107,890,7,0
1435709065,82.3,4.4,2018,110,685,10,0
1435709125,79.3,4.8,1945,118,855,11,0
1435709185,80.8,5.1,1983,126,707,16,0
1435709245,76.9,5.2,1886,130,627,1,0
1435709305,74,5,1816,124,600,9,0
1435709365,78.5,5.5,1924,137,920,14,0.4
1435709425,80.2,5.3,1967,131,701,6,0
1435709485,84.1,5.4,2062,134,994,26,0
1435709545,81.3,6.3,1995,156,532,9,0
1435709605,76.2,6.5,1869,160,702,30,0
1435709665,70.1,6.2,1720,153,717,4,0
1435709725,76,5.4,1865,134,713,4,0
1435709785,75.3,5.3,1846,132,889,19,0
1435709845,84.9,6.3,2082,155,1101,15,0
1435709905,90.8,6.7,2227,167,887,19,0
1435709965,79.6,6.6,1953,164,635,7,0
1435710025,77.1,6,1890,149,747,10,0
1435710085,87.1,6.1,2137,150,1063,16,0
1435710145,81.5,6.6,1998,163,741,21,0
1435710205,81.8,6.3,2007,156,837,8,0
1435710265,78.6,5.8,1929,143,588,1,0
1435710325,77,5.2,1888,128,798,2,0
1435710385,76.8,5,1884,124,745,8,0
1435710445,74.1,5,1817,123,649,2,0
1435710505,75.8,4.7,1860,117,723,4,0
1435710565,72.9,4.7,1788,116,580,6,0
1435710625,68.6,4.4,1683,110,586,1,0
1435710685,64.1,4,1573,99,645,0,0
1435710745,70.3,3.9,1724,98,742,12,0
1435710805,73.2,4.2,1797,105,722,4,0
1435710865,72.2,4.1,1771,102,635,11,0
1435710925,68.6,4.3,1684,108,730,6,0
1435710985,79.1,4.9,1939,122,902,10,0
1435711045,75.9,4.7,1861,116,592,8,0
1435711105,71.3,4.9,1749,121,651,7,0
1435711165,77.1,5.9,1892,147,1064,25,0
1435711225,81.5,6.3,1998,156,694,16,0
1435711285,77.7,6.4,1907,157,942,15,0
1435711345,94.2,7.5,2311,186,1188,27,0
1435711405,91.5,7.4,2244,182,817,6,0
1435711465,79.9,6.6,1959,163,671,2,0
1435711525,77.5,5.7,1901,140,746,0,0
1435711585,76,5.2,1864,129,712,5,0
1435711645,77.5,5.5,1900,136,743,16,0.4
1435711705,76.9,5.5,1887,136,621,12,0.4
1435711765,70.8,5.1,1736,128,603,2,0
1435711825,68.5,4.7,1681,117,463,0,0
1435711885,62.8,4.4,1542,109,672,10,0
1435711945,76.2,5.1,1868,125,906,11,0
1435712005,70.2,4.8,1721,118,471,0,0
1435712065,72.5,4.3,1779,106,822,0,0
1435712125,73.2,4.2,1795,105,713,11,0
1435712185,72.4,4.8,1776,119,689,17,0.4
1435712245,69.7,4.9,1709,123,648,4,0
1435712305,69.6,5.2,1708,129,614,10,0
1435712365,72.1,5.4,1768,133,761,11,0
1435712425,66.6,5.2,1634,129,685,8,0
1435712485,70.9,5.3,1739,130,590,4,0
1435712545,72.8,5,1785,123,669,4,0
1435712605,71,4.7,1743,116,655,3,0
1435712665,82.3,5.9,2018,145,1130,30,0
1435712725,79.2,6.4,1943,157,608,15,0
1435712785,71.4,6.3,1751,157,497,18,0
1435712845,68.2,6.3,1672,155,675,2,0
1435712905,64.6,5.8,1585,145,488,10,0
1435712965,71.3,5.6,1750,139,858,5,0
1435713025,76.9,5.2,1886,129,1053,16,0
1435713085,83.1,5.4,2039,135,808,3,0
1435713145,89.1,5.3,2186,132,1011,10,0
1435713205,91.3,5.1,2240,125,785,0,0
1435713265,81.8,4.7,2006,118,649,5,0
1435713325,88,4.5,2158,111,1161,4,0
1435713385,98.8,4.8,2424,120,1063,20,0
1435713445,90.5,5.2,2220,130,535,5,0
1435713505,79.5,5.4,1951,133,790,17,0
1435713565,82.8,5.6,2031,139,918,15,0
1435713625,86.1,5.5,2112,137,830,5,0
1435713685,84.4,5.2,2069,128,820,2,0
1435713745,81.3,5.1,1994,125,692,8,0
1435713805,79.4,5.2,1947,130,693,6,0
1435713865,80.6,5.1,1976,126,865,6,0
1435713925,83.2,5.3,2040,132,1020,13,0
1435713985,86,5.6,2109,138,841,15,0
1435714045,89.8,5.5,2203,135,1082,24,0
1435714105,90.4,6,2217,148,701,7,0
1435714165,85.2,6.1,2090,150,630,14,0
1435714225,87.1,5.8,2137,144,1075,11,0
1435714285,91.4,6,2243,148,668,19,0.4
1435714345,76.5,5.5,1876,136,563,3,0
1435714405,76.3,6.3,1871,155,874,26,0.4
1435714465,82.4,6,2020,149,919,10,0
1435714525,80,5.5,1962,138,636,6,0
1435714585,71.8,5.5,1762,137,659,12,0
1435714645,73.7,5.3,1807,131,738,2,0
1435714705,74,5.3,1814,132,798,15,0
1435714765,69.2,5.2,1697,129,446,6,0
1435714825,74.2,5.4,1821,134,1160,14,0
1435714885,80.4,5.4,1971,134,656,10,0
1435714945,76.6,5.4,1880,134,811,15,0
1435715005,75,5.8,1840,144,725,16,0
1435715065,81.4,6.1,1996,150,935,12,0
1435715125,72.7,5.6,1782,140,388,2,0
1435780662,4.6,0,114,1,129,2,0
1435780722,11.7,0,289,0,125,0,0
1435780782,14.5,0,358,1,119,4,0
1435780842,17.4,0,428,0,149,0,0
1435780902,19.7,0,483,0,124,0,0
1435780962,19.5,0,479,0,131,0,0
1435781022,20.5,0,504,0,152,2,0
1435781082,21,0.2,516,7,115,4,0
1435781142,19.6,0,483,0,127,0,0
1435781202,20.8,0.2,512,7,130,9,0
1435781262,21.4,0.2,526,6,140,0,0
1435781322,21.1,0,518,2,112,3,0
1435781382,20.2,0,496,0,131,0,0
1435781442,18.6,0,458,0,84,0,0
1435781502,18.2,0,447,0,112,0,0
1435781562,18.7,0,461,0,97,0,0
1435781622,18.7,0,460,0,109,0,0
1435781682,19.2,0,472,0,132,1,0
1435781742,18.4,0,452,1,78,1,0
1435781802,18.3,0,451,0,120,0,0
1435781862,19.6,0,481,0,133,0,0
1435781922,19.1,0,469,0,97,0,0
1435781982,17.9,0,441,0,98,0,0
1435782042,17.8,0,437,0,113,0,0
1435782102,17.7,0,435,0,108,0,0
1435782162,18.1,0,444,0,131,0,0
1435782222,18.5,0,456,0,102,0,0
1435782282,17.6,0,432,0,90,0,0
1435782342,17.2,0,422,0,87,0,0
1435782402,16.8,0,413,0,95,0,0
1435782462,17.6,0,434,0,113,0,0
1435782522,17.9,0,441,0,106,0,0
1435782582,16.9,0,417,0,93,0,0
1435782642,16.9,0,416,0,110,1,0
1435782702,18,0,442,0,116,0,0
1435782762,17.4,0,429,0,92,0,0
1435782822,16.7,0,410,0,81,0,0
1435782882,16.4,0,403,0,88,0,0
1435782942,16.2,0,400,0,92,0,0
1435783002,16.7,0,410,0,118,0,0
1435783062,17.7,0,435,0,102,0,0
1435783122,17.6,0,434,0,93,0,0
1435783182,16.4,0,403,0,84,0,0
1435783242,16.3,0,402,0,82,0,0
1435783302,16.3,0,402,0,104,0,0
1435783362,17.3,0,425,0,113,0,0
1435783422,17.7,0,436,0,99,0,0
1435783482,17.3,0,427,0,99,0,0
1435783542,17.5,0,430,0,94,0,0
1435783602,17.4,0,429,0,107,1,0
1435783662,17.7,0,436,0,108,0,0
1435783722,18.7,0,460,0,101,0,0
1435783782,18.4,0,452,0,89,0,0
1435783842,16.9,0,416,0,67,0,0
1435783902,16.2,0,398,0,100,0,0
1435783962,16.1,0,396,0,80,0,0
1435784022,16.6,0,409,0,113,0,0
1435784082,17.1,0,421,0,98,0,0
1435784142,17.8,0,438,0,110,0,0
1435784202,17.6,0,432,0,96,0,0
1435784262,17.6,0,433,0,113,0,0
1435784322,17.9,0,440,0,97,0,0
1435784382,17.5,0,430,0,98,0,0
1435784442,16.8,0,413,0,89,0,0
1435784502,17.2,0,422,0,92,0,0
1435784562,17,0,419,0,96,0,0
1435784622,17,0,419,0,111,0,0
1435784682,18.1,0,444,0,128,0,0
1435784742,18.2,0,447,0,80,0,0
1435784802,17.9,0,440,0,105,0,0
1435784862,17.3,0,425,0,89,0,0
1435784922,18.2,0,448,0,114,0,0
1435784982,18.3,0,451,0,98,0,0
1435785042,17,0,419,0,75,0,0
1435785102,17.1,0,420,0,109,0,0
1435785162,17.4,0,429,0,118,0,0
1435785222,18.1,0,446,0,107,0,0
1435785282,17.9,0,440,0,116,0,0
1435785342,18.1,0,444,0,112,0,0
1435785402,19,0,467,0,133,0,0
1435785462,19.3,0,474,0,109,0,0
1435785522,19.3,0,473,0,118,0,0
1435785582,18.8,0,463,0,125,0,0
1435785642,18.1,0,445,0,85,0,0
1435785702,18.1,0,445,0,118,0,0
1435785762,17.9,0,440,0,100,0,0
1435785822,18.9,0,464,0,128,0,0
1435785882,19.5,0,480,0,126,0,0
1435785942,19.5,0,480,0,91,0,0
1435786002,18.9,0,466,0,113,0,0
1435786062,18.2,0,449,0,90,0,0
1435786122,17.9,0,440,1,114,3,0
1435786182,18.8,0,462,1,108,0,0
1435786242,18.9,0,465,0,117,0,0
1435786302,18.5,0,454,0,101,0,0
1435786362,18.7,0,459,0,115,0,0
1435786422,18.4,0,454,0,104,0,0
1435786482,18.4,0,452,0,131,0,0
1435786542,19.2,0,473,0,109,0,0
1435786602,18.8,0,462,0,114,0,0
1435786662,19.1,0,469,0,111,1,0
1435786722,19,0,466,0,126,0,0
1435786782,18.8,0,461,0,129,0,0
1435786842,18.2,0,447,1,92,2,0
1435786902,17.1,0,421,0,86,0,0
1435786962,16.8,0,415,0,114,0,0
1435787022,18.3,0,450,0,117,0,0
1435787082,18,0,443,0,90,0,0
1435787142,18.2,0,447,0,112,0,0
1435787202,17.8,0,437,0,89,0,0
1435787262,17.8,0,438,0,107,0,0
1435787322,17.5,0,430,0,98,0,0
1435787382,17.4,0,429,0,91,0,0
1435787442,17,0,419,1,93,2,0
1435787502,17.7,0,436,0,141,0,0
1435787562,17.9,0,440,0,83,0,0
1435787622,17.9,0,440,0,128,0,0
1435787682,17.8,0,438,0,91,0,0
1435787742,17.8,0,437,0,91,0,0
1435787802,17,0,419,0,102,0,0
1435787862,17,0,418,0,96,0,0
1435787922,16.8,0,413,0,95,0,0
1435787982,16.8,0,413,0,86,0,0
1435788042,16.4,0,404,0,86,0,0
1435788102,16.3,0,400,0,81,0,0
1435788162,15.3,0,376,0,78,0,0
1435788222,16,0,395,0,97,0,0
1435788282,15.4,0,378,0,84,0,0
1435788342,16.4,0,403,0,119,0,0
1435788402,17,0,419,0,96,0,0
1435788462,17.2,0,424,0,105,0,0
1435788522,17,0,417,0,104,0,0
1435788582,16.2,0,399,0,87,0,0
1435788642,16,0,394,0,91,0,0
1435788702,16.7,0,411,0,126,0,0
1435788762,18,0,442,0,109,0,0
1435788822,18.5,0,455,0,103,0,0
1435788882,18.2,0,448,0,121,0,0
1435788942,18,0,442,0,88,0,0
1435789002,17.9,0,441,0,83,0,0
1435789062,17.9,0,440,0,136,0,0
1435789122,17.9,0,439,0,94,0,0
1435789182,17.5,0,431,0,91,0,0
1435789242,17.2,0,424,0,123,0,0
1435789302,18.4,0,452,0,109,0,0
1435789362,17.9,0,440,0,91,0,0
1435789422,17.4,0,427,0,97,0,0
1435789482,16.9,0,415,0,88,0,0
1435789542,17,0,418,0,106,0,0
1435789602,16.9,0,417,0,81,0,0
1435789662,16.5,0,406,0,101,0,0
1435789722,17.7,0,436,0,109,0,0
1435789782,18,0,444,0,111,0,0
1435789842,18.4,0,452,0,91,0,0
1435789902,17.4,0,427,0,83,0,0
1435789962,16.5,0,405,0,93,0,0
1435790022,15.9,0,392,0,90,0,0
1435790082,17.1,0,420,0,126,0,0
1435790142,18,0,444,0,101,0,0
1435790202,17.2,0,423,0,82,0,0
1435790262,15.7,0,386,0,80,0,0
1435790322,17.6,0,432,2,133,4,0
1435790382,18.1,0,445,1,122,6,0
1435790442,18,0.3,442,9,108,4,0
1435790502,17.8,0,437,2,114,2,0
1435790562,18.5,0.3,456,8,92,4,0
1435790622,18.3,0.1,449,4,117,3,0
1435790682,18.5,0,455,2,121,3,0
1435790742,19.3,0.2,475,5,108,5,0
1435790802,19.8,0,487,0,149,1,0
1435790862,19.6,0,482,0,105,0,0
1435790922,19.6,0,483,0,117,0,0
1435790982,18.5,0,454,0,106,0,0
1435791042,19.8,0,488,0,150,3,0
1435791102,20,0,491,2,118,0,0
1435791162,20.5,0,504,0,129,2,0
1435791222,20.1,0,493,0,102,0,0
1435791282,18.4,0,452,0,81,0,0
1435791342,17.4,0,428,0,101,2,0
1435791402,17.4,0.1,429,4,107,4,0
1435791462,18.6,0,459,1,122,0,0
1435791522,19.2,0.1,473,3,143,7,0.3
1435791582,19.6,0.2,482,5,110,0,0
1435791642,19.2,0,473,1,118,2,0
1435791702,18.6,0,457,1,109,2,0
1435791762,18.9,0,464,0,122,0,0
1435791822,18.4,0,452,0,88,0,0
1435791882,18.5,0,456,2,110,3,0
1435791942,18.6,0.1,457,4,105,4,0
1435792002,19.2,0,471,0,128,0,0
1435792062,19.6,0,482,0,118,0,0
1435792122,20.3,0,499,0,136,0,0
1435792182,21,0,517,0,131,0,0
1435792242,20,0,491,0,102,0,0
1435792302,19.5,0,478,0,134,0,0
1435792362,19.2,0,473,0,119,0,0
1435792422,20.1,0,493,0,125,0,0
1435792482,19,0,468,0,79,0,0
1435792542,18.4,0,453,0,103,0,0
1435792602,18,0,444,0,115,0,0
1435792662,17.8,0,438,0,113,0,0
1435792722,18.4,0,452,0,134,0,0
1435792782,19,0,468,0,112,0,0
1435792842,19.9,0,489,0,128,0,0
1435792902,19.8,0,488,0,133,0,0
1435792962,20.7,0,510,0,118,1,0
1435793022,19.9,0,490,0,131,0,0
1435793082,20.7,0,508,0,136,3,0
1435793142,20.9,0,514,2,124,0,0
1435793202,20,0,492,0,113,0,0
1435793262,18.6,0,459,0,91,0,0
1435793322,18.2,0,447,0,122,0,0
1435793382,19.3,0,476,0,122,0,0
1435793442,19.8,0,487,0,130,0,0
1435793502,18.5,0,454,0,75,0,0
1435793562,17.5,0,430,0,103,0,0
1435793622,18.2,0,447,0,109,0,0
1435793682,18,0,442,0,103,0,0
1435793742,18.2,0.2,448,6,121,6,0
1435793802,19.5,0,479,2,129,2,0
1435793862,19.4,0,476,0,94,0,0
1435793922,18.6,0,457,0,123,0,0
1435793982,19.6,0,481,0,129,0,0
1435794042,19.8,0,486,1,104,6,0
1435794102,19.4,0.1,478,3,140,0,0
1435794162,19.8,0.2,487,6,127,6,0
1435794222,19.6,0,482,2,126,2,0
1435794282,20.3,0,498,0,135,4,0
1435794342,20,0.1,491,3,117,0,0
1435794402,19.8,0,488,0,114,0,0
1435794462,19.5,0,478,1,101,2,0
1435794522,19.5,0,481,0,105,0,0
1435794582,19.2,0,472,2,131,3,0
1435794642,18.5,0,455,0,113,3,0
1435794702,21.1,0.3,518,9,161,6,0
1435794762,21.7,0.2,533,6,129,1,0
1435794822,20.5,0,504,0,130,0,0
1435794882,20.9,0,515,0,131,0,0
1435794942,20.7,0,509,0,131,0,0
1435795002,20.6,0,506,0,119,0,0
1435795062,19.1,0,471,0,94,0,0
1435795122,18.5,0,456,0,113,0,0
1435795182,18.9,0,465,0,137,0,0
1435795242,20.1,0,494,0,127,0,0
1435795302,19.8,0,488,0,107,0,0
1435795362,18.6,0,458,0,100,0,0
1435795422,18.5,0,456,0,111,0,0
1435795482,19.4,0,476,0,149,0,0
1435795542,18.9,0,464,0,98,0,0
1435795602,19.4,0,476,0,132,0,0
1435795662,20.1,0,494,0,132,0,0
1435795722,19.7,0,485,0,120,0,0
1435795782,20.5,0.1,503,2,142,6,0
1435795842,19.9,0.2,490,7,106,0,0
1435795902,19.7,0,483,1,109,2,0
1435795962,19.4,0,477,1,108,3,0
1435796022,19.5,0.4,480,12,147,10,0
1435796082,20.3,0.5,499,14,129,4,0
1435796142,20.9,0.3,513,10,137,0,0
1435796202,20.4,0,501,2,113,5,0
1435796262,19.3,0,475,2,98,0,0
1435796322,18.8,0,462,0,109,0,0
1435796382,18.8,0,463,0,113,0,0
1435796442,19.2,0.1,472,4,147,6,0
1435796502,19.7,0.1,484,3,98,3,0
1435796562,19.4,0,476,0,133,0,0
1435796622,19.7,0,485,0,119,0,0
1435796682,19.1,0,469,0,106,0,0
1435796742,19.1,0,468,0,125,0,0
1435796802,20,0,491,0,132,3,0
1435796862,19.9,0.2,490,6,135,2,0
1435796922,20.5,0.1,503,3,121,4,0
1435796982,20.8,0,511,1,134,3,0
1435797042,20.8,0,510,1,130,0,0
1435797102,21.2,0,521,0,138,0,0
1435797162,20.9,0,513,1,116,3,0
1435797222,19.7,0,484,1,119,0,0
1435797282,19.1,0,470,0,94,0,0
1435797342,18.1,0,446,0,113,0,0
1435797402,18.9,0,465,0,114,0,0
1435797462,18.4,0,452,0,102,0,0
1435797522,18.3,0,449,0,111,0,0
1435797582,18.1,0,446,0,118,0,0
1435797642,18.7,0,459,0,108,0,0
1435797702,17.7,0,436,0,106,0,0
1435797762,18.3,0,449,0,108,0,0
1435797822,19,0,467,0,122,0,0
1435797882,19.7,0,483,0,135,0,0
1435797942,18.9,0,465,0,101,0,0
1435798002,18,0,442,0,93,0,0
1435798062,17.9,0,439,0,96,0,0
1435798122,17.8,0,439,0,102,0,0
1435798182,17.5,0,431,0,106,0,0
1435798242,17.6,0,433,0,131,0,0
1435798302,18.8,0,462,0,134,0,0
1435798362,19.4,0,478,0,128,0,0
1435798422,20.6,0,505,0,147,0,0
1435798482,19.7,0,486,2,98,3,0
1435798542,19.4,0,476,0,127,0,0
1435798602,19.8,0,486,0,139,0,0
1435798662,21.2,0,522,0,127,0,0
1435798722,20.7,0,509,0,128,0,0
1435798782,20.4,0,501,0,128,0,0
1435798842,20.2,0,496,0,131,0,0
1435798902,20.9,0,513,0,120,0,0
1435798962,20.6,0,506,0,117,0,0
1435799022,20.6,0,506,0,127,0,0
1435799082,21.1,0,520,0,145,0,0
1435799142,21.4,0,526,0,132,0,0
1435799202,19.6,0,481,0,90,0,0
1435799262,18.6,0,458,0,110,0,0
1435799322,18.4,0,452,0,101,0,0
1435799382,17.9,0,441,0,101,0,0
1435799442,18.8,0,463,0,131,0,0
1435799502,19.3,0,474,0,121,0,0
1435799562,18.7,0,461,0,84,0,0
1435799622,17.9,0,441,0,82,0,0
1435799682,17.7,0,435,0,115,0,0
1435799742,17.8,0,438,0,100,0,0
1435799802,17.2,0,423,0,83,0,0
1435799862,17.4,0,429,0,99,0,0
1435799922,16.8,0,414,0,89,0,0
1435799982,17.7,0,435,0,109,0,0
1435800042,18.1,0,445,0,124,0,0
1435800102,18,0,443,0,109,0,0
1435800162,17.7,0,435,0,96,0,0
1435800222,17.4,0,429,0,108,0,0
1435800282,17.3,0,426,0,98,0,0
1435800342,17.2,0,422,0,94,0,0
1435800402,17,0,418,0,102,0,0
1435800462,16.2,0,398,0,83,0,0
1435800522,16.3,0,401,0,106,0,0
1435800582,17,0,417,0,130,0,0
1435800642,18,0,443,0,90,0,0
1435800702,18.6,0,458,0,125,0,0
1435800762,17,0,419,0,68,0,0
1435800822,17.3,0,426,0,125,0,0
1435800882,17.4,0,427,0,93,0,0
1435800942,17.1,0,420,0,97,0,0
1435801002,17.5,0,431,0,112,0,0
1435801062,17.8,0,438,0,112,0,0
1435801122,17.7,0,436,0,95,0,0
1435801182,17.2,0,423,0,98,0,0
1435801242,17.1,0,420,0,111,0,0
1435801302,17.3,0,426,0,98,0,0
1435801362,17.2,0,422,0,113,0,0
1435801422,17.7,0,436,0,109,0,0
1435801482,17.9,0,441,0,97,0,0
1435801542,17.7,0,436,0,97,0,0
1435801602,17.8,0,437,0,111,0,0
1435801662,18,0,443,0,96,0,0
1435801722,18.2,0,449,0,126,0,0
1435801782,18.8,0,463,0,106,0,0
1435801842,18.1,0,446,0,101,0,0
1435801902,17.7,0,435,0,85,0,0
1435801962,17.5,0,430,0,105,0,0
1435802022,17.6,0,432,0,106,0,0
1435802082,18,0,442,0,117,0,0
1435802142,17.7,0,436,0,95,0,0
1435802202,18.1,0,446,0,113,0,0
1435802262,18.2,0,449,0,109,0,0
1435802322,18.4,0,453,0,105,0,0
1435802382,18.3,0,450,0,92,0,0
1435802442,18.1,0,445,0,107,0,0
1435802502,17.9,0,441,0,100,0,0
1435802562,17.7,0,434,0,106,0,0
1435802622,18,0,442,0,99,0,0
1435802682,18.5,0,454,0,130,0,0
1435802742,20,0,492,0,126,0,0
1435802802,18.4,0,453,0,99,1,0
1435802862,18.4,0,454,0,107,0,0
1435802922,18.4,0,452,1,118,2,0
1435802982,18.1,0,445,0,89,0,0
1435803042,17.7,0,435,0,118,3,0
1435803102,19.6,0.7,481,19,155,24,0
1435803162,21.4,2.5,527,64,135,11,0
1435803222,21.9,3.8,539,95,164,42,0.4
1435803282,24.3,6,598,149,177,29,0
1435803342,24.3,6.5,598,161,166,14,0
1435803402,24.4,7.1,600,175,146,27,0
1435803462,24.2,7.4,596,182,134,12,0
1435803522,24.2,7.2,594,178,160,13,0
1435803582,23.3,6.9,572,170,138,14,0
1435803642,21.9,6.3,537,157,118,0,0
1435803702,21.9,5.6,537,139,169,11,0
1435803762,24.2,5.4,594,135,185,10,0
1435803822,24.9,5.1,612,127,154,0,0
1435803882,23.2,4.9,571,121,135,8,0
1435803942,21.2,4.6,522,115,118,0,0
1435804002,19.8,4.2,487,104,130,0,0
1435804062,19.5,3.7,479,93,140,2,0
1435804122,20.2,3.6,498,90,138,8,0
1435804182,22.8,3.6,560,90,192,4,0
1435804242,22.8,3.5,561,87,123,3,0
1435804302,22.8,3.2,560,80,171,3,0
1435804362,37.5,8.7,921,214,1420,368,0.7
1435804422,83.1,43.8,2038,1074,3027,1146,2.3
1435804482,132,89.7,3238,2201,3881,1980,4.7
1435804542,181,137,4438,3359,3864,2003,5.5
1435804602,230,180.6,5638,4428,3963,2164,5.9
1435804662,278.9,217.1,6838,5322,3992,2153,6.3
1435804722,327.8,229.5,8035,5628,3887,1903,4.8
1435804782,375.1,230.4,9195,5649,3955,1965,5.6
1435804842,412,235.3,10098,5768,3817,1929,4.4
1435804902,441.2,242.1,10814,5935,4106,2286,6.8
1435804962,474,266.6,11619,6535,4236,2389,6
1435805022,488.3,272.7,11970,6685,4077,2157,3.2
1435805082,488,259.9,11962,6372,3922,1888,6.4
1435805142,475.7,234.1,11660,5739,3726,1654,6
1435805202,459,205.7,11250,5044,3548,1343,2.4
1435805262,442.9,178.7,10857,4382,3513,1231,4.4
1435805322,432.8,159.8,10609,3917,3420,1113,2.8
1435805382,422.5,141.8,10357,3476,3357,951,3.9
1435805442,413.2,124.6,10130,3054,3261,916,1.9
1435805502,400.5,113.7,9818,2788,3128,760,0.3
1435805562,383.7,100,9405,2452,2963,683,0.7
1435805622,371.5,83.9,9108,2058,2908,489,2.3
1435805682,356.4,71.9,8737,1765,2751,498,2.3
1435805742,339.4,62.8,8320,1542,2595,408,0.3
1435805802,323.7,53.4,7935,1311,2497,296,1.5
1435805862,310.7,45,7617,1103,2382,277,0.3
1435805922,297.4,37.7,7291,927,2270,189,0.7
1435805982,285.7,31.8,7004,781,2246,179,0
1435806042,272.5,27,6680,663,2081,136,0
1435806102,258.6,23.5,6339,577,1938,92,0
1435806162,242.3,21.3,5940,523,1841,91,0
1435806222,230.6,18.5,5655,456,1787,58,0
1435806282,220.2,16.3,5399,402,1650,57,0
1435806342,210.4,14.6,5157,359,1633,41,0
1435806402,199.2,14.4,4884,354,1530,70,0
1435806462,189.4,13.6,4643,336,1428,32,0
1435806522,175.9,12.4,4313,307,1286,26,0
1435806582,164.8,11.5,4042,284,1262,31,0
1435806642,159.8,10.4,3919,256,1278,12,0.3
1435806702,154.1,9.3,3779,228,1158,18,0
1435806762,146.6,8.5,3596,209,1127,5,0
1435806822,137.9,7.6,3382,189,1018,12,0.3
1435806882,128.3,7.2,3145,178,980,9,0
1435806942,123.1,6.8,3019,167,966,11,0
1435807002,116.8,6.6,2864,162,870,13,0
1435807062,109.2,6.1,2679,151,801,4,0
1435807122,100.2,5.4,2457,135,719,3,0
1435807182,95.6,5,2345,125,758,6,0
1435807242,90.1,4.9,2209,121,634,2,0
1435807302,80.8,4.9,1982,121,599,8,0
1435807362,76.2,4.7,1870,118,585,2,0
1435807422,75.3,4.4,1848,110,614,2,0
1435807482,71.9,3.9,1764,98,526,0,0
1435807542,66.7,3.5,1637,87,503,1,0
1435807602,62.8,3.1,1540,77,470,0,0
1435807662,59.2,2.7,1453,66,409,0,0
1435807722,54.1,2.2,1327,54,425,0,0
1435807782,54.5,1.7,1337,42,422,0,0
1435807842,49.7,1.2,1220,31,324,0,0
1435807902,47.8,0.9,1174,23,398,1,0
1435807962,48.5,0.4,1191,12,382,0,0
1435808022,47.2,0,1158,1,364,0,0
1435808082,45,0,1106,0,345,0,0
1435808142,41.2,0.1,1011,3,273,4,0
1435808202,38.2,0,938,0,274,1,0
1435808262,36.9,0,907,0,292,0,0
1435808322,35.3,0,866,0,252,1,0
1435808382,34,0,836,0,226,0,0
1435808442,31.1,0,763,0,211,0,0
1435808502,31.3,0,768,1,239,2,0
1435808562,31.2,0,766,0,237,0,0
1435808622,31.5,0,772,0,214,0,0
1435808682,29.9,0,735,0,237,0,0
1435808742,31.6,0,777,0,226,0,0
1435808802,29.7,0,730,0,194,0,0
1435808862,29.1,0,716,0,231,2,0
1435808922,28.8,0,707,0,203,0,0
1435808982,27.3,0,670,0,172,0,0
1435809042,25.5,0,627,0,200,0,0
1435809102,26.5,0,650,0,174,0,0
1435809162,26.5,0,651,0,191,0,0
1435809222,25.8,0,634,0,152,0,0
1435809282,25.9,0,637,0,179,0,0
1435809342,26.1,0,640,0,183,0,0
1435809402,24.3,0,596,0,135,0,0
1435809462,22.7,0,557,0,153,0,0
1435809522,20.7,0,509,0,124,0,0
1435809582,24,0,590,2,238,3,0
1435809642,26.3,0,647,0,202,0,0
1435809702,25.8,0,635,0,157,0,0
